,trackId,preview_url,mood
0,0sStz9SBt5DOF7CynqUUwa,https://p.scdn.co/mp3-preview/d06a60b6870725b2b4e2dea5471c064c85d9637f?cid=9ba8560ce44540a8a907412d26cedc64,CALM
1,2CVoj73sTbBrfBoQTEk7yO,https://p.scdn.co/mp3-preview/048a9d4f36df65d746f9b4f9e628ee6987b2b5ab?cid=9ba8560ce44540a8a907412d26cedc64,CALM
2,0PWTD37PzDoCU9CunHUokE,https://p.scdn.co/mp3-preview/3a8894cf654c9e2b1ea55817f238fcc74b3558aa?cid=9ba8560ce44540a8a907412d26cedc64,CALM
3,1HZa1EjZeJDzQ7r6NwX6jW,https://p.scdn.co/mp3-preview/01227d6fbe7cb5135abc41f08bf535baf591e6c8?cid=9ba8560ce44540a8a907412d26cedc64,CALM
4,3OLr0gzUC0zLlWmpE6L0Ay,https://p.scdn.co/mp3-preview/d9e78cea02fc589f491c5a1d50b5c8bca7a071a3?cid=9ba8560ce44540a8a907412d26cedc64,CALM
5,6ugfn14Y2aS1loWCWh1APM,https://p.scdn.co/mp3-preview/f9751caa9bf2a39cde45c73659f226b9f2008619?cid=9ba8560ce44540a8a907412d26cedc64,CALM
6,5nkMUigFhTzLpvMkXI6kPk,https://p.scdn.co/mp3-preview/ded02e123f23509b342965a951958d60e7bd8623?cid=9ba8560ce44540a8a907412d26cedc64,CALM
7,2bzHADVvOnECWhqpLf5Rwi,https://p.scdn.co/mp3-preview/0b4ede5c6696be7ddc3e410ff2d806a073e226ce?cid=9ba8560ce44540a8a907412d26cedc64,CALM
8,56nl0PcICHCOoVazhLQEFb,https://p.scdn.co/mp3-preview/ca509be828a4b7fab9435db67448dd1d5a28f00a?cid=9ba8560ce44540a8a907412d26cedc64,CALM
9,0wXoceSodypn4BlHQRUYLA,https://p.scdn.co/mp3-preview/23048140e410eff49529851e14d704aedf7804c7?cid=9ba8560ce44540a8a907412d26cedc64,CALM
10,1XjmvMlHQeXqXqbIiphr7L,https://p.scdn.co/mp3-preview/58a80b7d5e0585055b7269ea49a78a8aae080d3a?cid=9ba8560ce44540a8a907412d26cedc64,CALM
11,3XUoK60Lyhtf9qyqJrppKq,https://p.scdn.co/mp3-preview/16b8f6910f88226e6f0cea6f6b448038bc4e6147?cid=9ba8560ce44540a8a907412d26cedc64,CALM
12,0YicEESY4K4uK5iXldrVN6,https://p.scdn.co/mp3-preview/0fd36745d9b4e62214f4f035dfca6704f6b61fb5?cid=9ba8560ce44540a8a907412d26cedc64,CALM
13,20MbEMn0Dj7ZZZtbPTRfxb,https://p.scdn.co/mp3-preview/afd73e3df9e76883a0e324519b5e4366b68f5922?cid=9ba8560ce44540a8a907412d26cedc64,CALM
14,7drTYp9dKioyAQYDTLtzbR,https://p.scdn.co/mp3-preview/56076fd1eb984430579be004145e0fb5704bbef5?cid=9ba8560ce44540a8a907412d26cedc64,CALM
15,0qQYLDf5A6ezcYaYYAnhDI,https://p.scdn.co/mp3-preview/28a29cd93a94920ae88ee44307c16505ea3c2e96?cid=9ba8560ce44540a8a907412d26cedc64,CALM
16,4PF7utnZRT0gGZEelOiIEO,https://p.scdn.co/mp3-preview/98414dd78ffa180dcb1ac45ca7a4debd60a3daec?cid=9ba8560ce44540a8a907412d26cedc64,CALM
17,12ueCnX0Agcf6dS5SZbjiw,https://p.scdn.co/mp3-preview/111533687300c949f5ebaec9634f97adb18ff2d9?cid=9ba8560ce44540a8a907412d26cedc64,CALM
18,7mgX4lCdmvSN2lacmXAlSK,https://p.scdn.co/mp3-preview/27a86579a9dc71646477c5a72cc6e01fd3628ce5?cid=9ba8560ce44540a8a907412d26cedc64,CALM
19,6pxESpr2mORBYPLA63wy3D,https://p.scdn.co/mp3-preview/da1e9cd064f06f5c0389797ab62aadd4ade160b3?cid=9ba8560ce44540a8a907412d26cedc64,CALM
20,71mN9aVMlm4vBZ6YzKPKeR,https://p.scdn.co/mp3-preview/77bfdd7cd3b78647ae62ca2de5a336918a146c73?cid=9ba8560ce44540a8a907412d26cedc64,CALM
21,2KCD0Kx46ftF8quaA1I0cP,https://p.scdn.co/mp3-preview/dba2f42211f80004e4e947702cf0c4abbd2ab14f?cid=9ba8560ce44540a8a907412d26cedc64,CALM
22,2i171UfyH6nG0qqrIdwoCO,https://p.scdn.co/mp3-preview/12fe1b1850b69d894130e18e31621bd46375ea2a?cid=9ba8560ce44540a8a907412d26cedc64,CALM
23,1v7qvbTyjn77X1oTValc3z,https://p.scdn.co/mp3-preview/3faaa24350142043047d827a31681e68e811310c?cid=9ba8560ce44540a8a907412d26cedc64,CALM
24,45We1ecGx6GcCNJWiQywxA,https://p.scdn.co/mp3-preview/57307066f7f07d655d2cd22e0446f21a41909a6c?cid=9ba8560ce44540a8a907412d26cedc64,CALM
25,5ngJea47AW8T8y80h2KMOd,https://p.scdn.co/mp3-preview/31e4aed11cbb8672bad9a75be1862259e177ab09?cid=9ba8560ce44540a8a907412d26cedc64,CALM
26,6xxMpIFpWFlrCba55NU0e1,https://p.scdn.co/mp3-preview/e5520f8b58f819ede512aee9aca7798281a94e3e?cid=9ba8560ce44540a8a907412d26cedc64,CALM
27,1U5nro2p0IGtHE6kZqt8WG,https://p.scdn.co/mp3-preview/702e4f6c871d541081cb787fc8b03034ade18507?cid=9ba8560ce44540a8a907412d26cedc64,CALM
28,0vbKO2YqTAoyjBzjLMpIOX,https://p.scdn.co/mp3-preview/d38ce0ed3c4c4a56f0cc38119ffd9fa2138ebdb2?cid=9ba8560ce44540a8a907412d26cedc64,CALM
29,00Z7iLsR10x9y00gAZ2Nx3,https://p.scdn.co/mp3-preview/0ae5c7036ddb917e47493656d1e8aff6dc4579a4?cid=9ba8560ce44540a8a907412d26cedc64,CALM
30,0H9dq2PB8RxswjJaECzwoC,https://p.scdn.co/mp3-preview/af6514b1a9e7065c9aac9386c2e90e5f0980fa3c?cid=9ba8560ce44540a8a907412d26cedc64,CALM
31,2AQtxqUEmqd5mVUFD2UC61,https://p.scdn.co/mp3-preview/e28d26f801dae5ee0b3d03de49f482536eea2b6c?cid=9ba8560ce44540a8a907412d26cedc64,CALM
32,3nq5cRQENEy6gZGwhlpdPz,https://p.scdn.co/mp3-preview/608c2c51ce720a67faa22dc2bef2121f66be4252?cid=9ba8560ce44540a8a907412d26cedc64,CALM
33,3YLOJL7XiGnWHK8bUySote,https://p.scdn.co/mp3-preview/28408bf5156d73f50eb86db388f330bfbdef840c?cid=9ba8560ce44540a8a907412d26cedc64,CALM
34,36rrXNpPdOpmHpI2vZECFd,https://p.scdn.co/mp3-preview/102a9342a89070b39efc9905d580b910ca383b81?cid=9ba8560ce44540a8a907412d26cedc64,CALM
35,4xYu3ms4RRPwYjoZV7qEPl,https://p.scdn.co/mp3-preview/9e7a49d9f0985d2a8e7007f431d06fe722de8527?cid=9ba8560ce44540a8a907412d26cedc64,CALM
36,3NM51TRi6mY2S60vbMq1X6,https://p.scdn.co/mp3-preview/ceeaf374e3ff961914fcc23c69d285c96f876f64?cid=9ba8560ce44540a8a907412d26cedc64,CALM
37,5mdvqfYB4Efy14X88LtTB5,https://p.scdn.co/mp3-preview/7a966bdcc7976cba04c864b1ed5a4122f51b5b0b?cid=9ba8560ce44540a8a907412d26cedc64,CALM
38,3MfwNWRuWAsdT1yIwHtRyz,https://p.scdn.co/mp3-preview/d299accade20d3b80ba00fbda64261add323c72d?cid=9ba8560ce44540a8a907412d26cedc64,CALM
39,4CK6vuYb4BaaQ2oYbkASuB,https://p.scdn.co/mp3-preview/fc1d55b4907a18e0de1eea9a9e47e93e888e186c?cid=9ba8560ce44540a8a907412d26cedc64,CALM
40,0w1kQy9x8W7yA299gFLhLn,https://p.scdn.co/mp3-preview/a2b203b78236dffed1d1c14ec45dd974d6c3c508?cid=9ba8560ce44540a8a907412d26cedc64,CALM
41,1IP6Rxvohb7Sv6c7eqCzx8,https://p.scdn.co/mp3-preview/e7f957d78fa49c01976068629fa45a80f831a9df?cid=9ba8560ce44540a8a907412d26cedc64,CALM
42,0H9ObVXY0RvFsXqdFDAdyp,https://p.scdn.co/mp3-preview/9f683c1744222d9b7556e848acd04686c9b4612c?cid=9ba8560ce44540a8a907412d26cedc64,CALM
43,6ZWGu34UE99YEf0fRDtVy3,https://p.scdn.co/mp3-preview/5dfe5ddfff62b5acc3e2978b3d1b94187ca0a233?cid=9ba8560ce44540a8a907412d26cedc64,CALM
44,5z7sxlo3kf8eg8s3Zkb8dQ,https://p.scdn.co/mp3-preview/01e608825215528d419d5ad8d624db459cdd0d8c?cid=9ba8560ce44540a8a907412d26cedc64,CALM
45,1X2opsnmEDOXXZhwCo1R7h,https://p.scdn.co/mp3-preview/62dc7bf1fbc8fa0279d470f2298ceee52d7e2ad2?cid=9ba8560ce44540a8a907412d26cedc64,CALM
46,2lCPESbQg9A5FVGqJsADxi,https://p.scdn.co/mp3-preview/ea7fa6e01a6afca44ec9479e6955968fa8a3fd12?cid=9ba8560ce44540a8a907412d26cedc64,CALM
47,0kCPKFSme4AMah0o6CJMPz,https://p.scdn.co/mp3-preview/f595927b55f81b7fdc33c435e2f559e2b1277bd7?cid=9ba8560ce44540a8a907412d26cedc64,CALM
48,0RAubp6u1ePTYC6SgXoWcY,https://p.scdn.co/mp3-preview/f7877572e5bad052bbc18ee00227fbf75efdb478?cid=9ba8560ce44540a8a907412d26cedc64,CALM
49,1onEytWdEeDCZoyF8VOOA9,https://p.scdn.co/mp3-preview/325d1fc3caeef2fa796774c4c0bfe56c778d5034?cid=9ba8560ce44540a8a907412d26cedc64,CALM
50,1nIVZg8EmaIZD5FuJ5nOuw,https://p.scdn.co/mp3-preview/c70e0f49b4b610987ed7f6aa1f197a860f5aa480?cid=9ba8560ce44540a8a907412d26cedc64,CALM
51,1K4JORhE9W021L84RJLlp6,https://p.scdn.co/mp3-preview/497c2fd8e4e8bbc9a371566fc8d0e056c1620ab1?cid=9ba8560ce44540a8a907412d26cedc64,CALM
52,6610gii04R3zRuWpa38XzY,https://p.scdn.co/mp3-preview/16179e31d16b9f7426311265518252666b6c8738?cid=9ba8560ce44540a8a907412d26cedc64,CALM
53,2dxQ8RJA85bwrG6QFkYaRc,https://p.scdn.co/mp3-preview/21c7c5c8afb08a7912c3d2bdcbaefb9ba8819695?cid=9ba8560ce44540a8a907412d26cedc64,CALM
54,7j0rOyP9heljOUoUuFTr1Z,https://p.scdn.co/mp3-preview/4d276a5c8f9be78df6c28b27da2004e4b002356f?cid=9ba8560ce44540a8a907412d26cedc64,CALM
55,4FqRXEGuyM0YfpdtvecUgv,https://p.scdn.co/mp3-preview/f83b75b3471fdac9abe23164e4997114aaa8c125?cid=9ba8560ce44540a8a907412d26cedc64,CALM
56,5wqIlPSJHeUZn34gcS7KQR,https://p.scdn.co/mp3-preview/1cef6bf81142e2691dcc8afc5e1d90996913ba70?cid=9ba8560ce44540a8a907412d26cedc64,CALM
57,2vVbuQJCiq6MfvmcQil2oW,https://p.scdn.co/mp3-preview/b1846abc7eb046c720996ab34e01734e84631fe5?cid=9ba8560ce44540a8a907412d26cedc64,CALM
58,6K6L7X4M60Mk3dk9i7gN2u,https://p.scdn.co/mp3-preview/f799aee6286e6e70b5c8e864474e841ccf0c0a14?cid=9ba8560ce44540a8a907412d26cedc64,CALM
59,7uHM2BSftyHsPLIOGB9oY7,https://p.scdn.co/mp3-preview/cbe813fd0e538222d09cb4acdc04ab97aa16dfb6?cid=9ba8560ce44540a8a907412d26cedc64,CALM
60,6xhwbnVSG3DeLM6oZau2Mr,https://p.scdn.co/mp3-preview/4a11204b3a943c900ad0c6b2a0bd1a76676a8bd4?cid=9ba8560ce44540a8a907412d26cedc64,CALM
61,1BYHA0Mfycu07N6t8lQnpW,https://p.scdn.co/mp3-preview/2bb174daa5fbdaca09dfcb1cd7982cad472be927?cid=9ba8560ce44540a8a907412d26cedc64,CALM
62,1KuuHDwv8BKKe911swYISj,https://p.scdn.co/mp3-preview/dbdeb3707584ea0b000293e3e2768975695a2e60?cid=9ba8560ce44540a8a907412d26cedc64,CALM
63,1pAmp7cLogyrAnOyxrTdYY,https://p.scdn.co/mp3-preview/45eb223ec52361fdf815314c7f3756dfe07acf08?cid=9ba8560ce44540a8a907412d26cedc64,CALM
64,70gtDucGX9VU6OnaEw4aHB,https://p.scdn.co/mp3-preview/148dd18e5c25eabde50cf69e71c5bff0b98499e3?cid=9ba8560ce44540a8a907412d26cedc64,CALM
65,3IvRypHZvFCKf6y7H4VLSX,https://p.scdn.co/mp3-preview/976a01e6663cfb666c608af3b8c7d8a8fd4248d3?cid=9ba8560ce44540a8a907412d26cedc64,CALM
66,1qox7A6GvcVMcqhpOoIzsX,https://p.scdn.co/mp3-preview/78b156434c53491e6413e1d646844539cc761702?cid=9ba8560ce44540a8a907412d26cedc64,CALM
67,5HZAPlw5Ff3ORJrPUdYJb9,https://p.scdn.co/mp3-preview/3dd6de3780813000227bf829f6f59823bb705fc0?cid=9ba8560ce44540a8a907412d26cedc64,CALM
68,40T7pP27hzRoZVHofuExIg,https://p.scdn.co/mp3-preview/5748d1ae035881356cf2992983ff70354c4f9a1d?cid=9ba8560ce44540a8a907412d26cedc64,CALM
69,2gPlTBhtFPZqw44wQjlPVc,https://p.scdn.co/mp3-preview/c05052e649f790f7576538c2dbc6936d0a51e9b8?cid=9ba8560ce44540a8a907412d26cedc64,CALM
70,42l68t0uutO6GH5xGEJLuO,https://p.scdn.co/mp3-preview/6b21b129bbca5840ee4d9ed8e80896b53550d934?cid=9ba8560ce44540a8a907412d26cedc64,CALM
71,2jTl1J2TCDRL6eiIakslfz,https://p.scdn.co/mp3-preview/a8dc5fe7c0e2016cd89650013c73c3549c3b3817?cid=9ba8560ce44540a8a907412d26cedc64,CALM
72,2InugPJTdU4OHJ94OJvkzt,https://p.scdn.co/mp3-preview/7e3c92f6c6bc7e209aff08cfd626c8befbf96e9a?cid=9ba8560ce44540a8a907412d26cedc64,CALM
73,4JBJiBA9gjVrWhHHf8lhgE,https://p.scdn.co/mp3-preview/1920e3a54dc2d115de6bffe19ed132db2ac98155?cid=9ba8560ce44540a8a907412d26cedc64,CALM
74,1M2bdpwWkekhMWIlVFmd3e,https://p.scdn.co/mp3-preview/c524b2cb7f08d2df2ef117f78c38ea96a5abe01d?cid=9ba8560ce44540a8a907412d26cedc64,CALM
75,0qXXvOL6Ujkboy0u6QHCam,https://p.scdn.co/mp3-preview/de2818d8c75442e2ac81d6a0584ec90a7092dc5d?cid=9ba8560ce44540a8a907412d26cedc64,CALM
76,1rkonLSBTFJhP5bMGaRjUS,https://p.scdn.co/mp3-preview/1f017d22979f8748b12d4c50851fa4ba055666a0?cid=9ba8560ce44540a8a907412d26cedc64,CALM
77,3bkDRZy33aVQHK8PZsIPLH,https://p.scdn.co/mp3-preview/46e5a87f88223b032fda5c04e4eeae26c1421acc?cid=9ba8560ce44540a8a907412d26cedc64,CALM
78,5pJiOBUlMmk3dv1kx2rqPu,https://p.scdn.co/mp3-preview/93659b370f59f0d9e07704c56de98898dce8f83a?cid=9ba8560ce44540a8a907412d26cedc64,CALM
79,3lp1LxiomQBtVIFZ3aU1Rj,https://p.scdn.co/mp3-preview/486ee5d6a1a1d7d9ef12af71c6ccf8fba635a4db?cid=9ba8560ce44540a8a907412d26cedc64,CALM
80,2wtXjG8mWHPGKbJcVNzjAR,https://p.scdn.co/mp3-preview/ae526b9e1e1aeb966e8de016ec26256f6cb98141?cid=9ba8560ce44540a8a907412d26cedc64,CALM
81,4RVLtTncdB9vY6Qo3ldP5f,https://p.scdn.co/mp3-preview/dc7917ae04321fde8b5b9b6759e564bdaaba3c1e?cid=9ba8560ce44540a8a907412d26cedc64,CALM
82,49WYvbLAlLn9e663fBmCUl,https://p.scdn.co/mp3-preview/53e07ee5acb20a0481ce5602348300f538f251df?cid=9ba8560ce44540a8a907412d26cedc64,CALM
83,3WEdWvAScE1EcBfErseQnC,https://p.scdn.co/mp3-preview/120f2bf7f53e3538fbca48ca622d1832205f088d?cid=9ba8560ce44540a8a907412d26cedc64,CALM
84,2nWmbl1imOUXgBDK7vJFzR,https://p.scdn.co/mp3-preview/828b371b2412a6e10ccfa9a357a17f94cf6aca77?cid=9ba8560ce44540a8a907412d26cedc64,CALM
85,19ilGQQEukiGNg4XSC5JbN,https://p.scdn.co/mp3-preview/06cb2f071c1630dcd3b2e92c04c2b15070918142?cid=9ba8560ce44540a8a907412d26cedc64,CALM
86,1JFb0Na5vJFckCPOmrxPXR,https://p.scdn.co/mp3-preview/5b2ff03b9bee64c2ebf7b01b44560c6cb2a47dbd?cid=9ba8560ce44540a8a907412d26cedc64,CALM
87,05iwmG7u1JEo0MMZ2XEoIq,https://p.scdn.co/mp3-preview/74c193aac4c79e23c4899389047132851ffca49d?cid=9ba8560ce44540a8a907412d26cedc64,CALM
88,2ehZXVH7qTOFxxDZymEffu,https://p.scdn.co/mp3-preview/358e4b2e1ef3759dcd068760eab7591d8855f593?cid=9ba8560ce44540a8a907412d26cedc64,CALM
89,7dZchcSQZRcqLs9g5FkbYs,https://p.scdn.co/mp3-preview/f2d330e93f48089050760dbda74012d12ed6fce9?cid=9ba8560ce44540a8a907412d26cedc64,CALM
90,7g1G4ZwhXwaet50TftCAd9,https://p.scdn.co/mp3-preview/7f5d12224e72f556e27e604dd314b28457b41e7d?cid=9ba8560ce44540a8a907412d26cedc64,CALM
91,4LsVIfwWMLq7e1qpE5WCUH,https://p.scdn.co/mp3-preview/b34d3418c198ba12aedf1204bab28cff6c3c11a4?cid=9ba8560ce44540a8a907412d26cedc64,CALM
92,1jbroaceVo98T5eiFszvrS,https://p.scdn.co/mp3-preview/0c71331d69a27b08e48e2b2d2c72ce492fb90055?cid=9ba8560ce44540a8a907412d26cedc64,CALM
93,2Jr8bmTiSIKWvn3OpTyN9s,https://p.scdn.co/mp3-preview/c16889aec9b45558436dc34ddd1bfbb0cc7339f2?cid=9ba8560ce44540a8a907412d26cedc64,CALM
94,5pDZOftc3EvBBkJWfNXcNn,https://p.scdn.co/mp3-preview/bc5d31d30ec5819f099320a7a4f41f8b616d0cb7?cid=9ba8560ce44540a8a907412d26cedc64,CALM
95,6d87FW26ifnIhdCWr6vmIU,https://p.scdn.co/mp3-preview/03fbb9768b350832551f568932e733fe5d0f01a2?cid=9ba8560ce44540a8a907412d26cedc64,CALM
96,17511fdxVIh76Mw6Md4rzC,https://p.scdn.co/mp3-preview/e9f452aa116cb82f6f708898d95c1842ae73f2b9?cid=9ba8560ce44540a8a907412d26cedc64,CALM
97,0PbMPORCi8wc3jlw1kipOm,https://p.scdn.co/mp3-preview/cb9e6edb63e049b02a5315e23e61ce1adb5f2855?cid=9ba8560ce44540a8a907412d26cedc64,CALM
98,1M9b6vGSZUoRr8AKkRBs3b,https://p.scdn.co/mp3-preview/50de192fc0caff7da9b3564c000f652d978285c2?cid=9ba8560ce44540a8a907412d26cedc64,CALM
